date,open,high,low,close,volume,premium_open,premium_high,premium_low,coinbase_premium_index,premium_close_time,premium_trades,oi
2025-03-09 00:00:00,86184.7,86470.6,85902.0,86077.1,10664.199,-0.00039206,0.00036728,-0.00114836,-0.00051903,1741492799999.0,2880.0,68425.001
2025-03-09 04:00:00,86077.1,86128.3,85753.3,85968.9,8708.738,-0.00051842,8.068e-05,-0.00089518,-0.00042008,1741507199999.0,2880.0,68590.862
2025-03-09 08:00:00,85968.8,86092.8,84601.3,84990.1,28696.135,-0.00042192,6.798e-05,-0.00109028,-0.00041708,1741521599999.0,2880.0,68808.554
2025-03-09 12:00:00,84990.0,85028.1,82619.3,83030.5,56855.474,-0.00053038,0.00029663,-0.00179223,-0.00057476,1741535999999.0,2880.0,70401.225
2025-03-09 16:00:00,83030.4,83727.8,82176.9,82604.9,53961.081,-0.00057459,0.00032624,-0.00160301,-0.00023766,1741550399999.0,2880.0,71607.42
2025-03-09 20:00:00,82605.0,83515.0,79933.4,80688.8,62723.721,-0.00010338,0.00037946,-0.00235411,-0.00040206,1741564799999.0,2880.0,71574.473
2025-03-10 00:00:00,80690.7,82694.2,80001.0,82000.1,51441.0,-0.00042965,0.00031259,-0.00131339,-0.00061542,1741579199999.0,2880.0,70149.234
2025-03-10 04:00:00,82000.1,82761.0,81947.0,82277.6,18157.406,-0.00061653,7.441e-05,-0.00106162,-0.00054354,1741593599999.0,2880.0,69582.072
2025-03-10 08:00:00,82277.7,84031.5,81110.0,83540.2,76138.678,-0.00053299,0.00048185,-0.00158385,-0.00060714,1741607999999.0,2880.0,69508.226
2025-03-10 12:00:00,83540.3,83728.2,79142.8,80009.7,124660.837,-0.00023193,0.00136862,-0.00180193,-0.00047787,1741622399999.0,2880.0,69314.162
2025-03-10 16:00:00,80009.7,80217.6,77410.1,79037.1,106456.31,-0.00026743,0.00060241,-0.00132482,-5.206e-05,1741636799999.0,2880.0,69853.649
2025-03-10 20:00:00,79035.3,79844.4,78363.6,78567.8,39532.566,-0.00014575,0.00048017,-0.00150731,-0.00011327,1741651199999.0,2880.0,69380.306
2025-03-11 00:00:00,78567.8,79888.0,76560.0,79486.6,78235.731,-0.00043013,0.00050138,-0.0013475,-0.00022603,1741665599999.0,2880.0,69692.488
2025-03-11 04:00:00,79486.7,80585.5,79411.2,80386.0,33668.415,-0.00047717,0.00027526,-0.00100732,-0.00055165,1741679999999.0,2880.0,68980.636
2025-03-11 08:00:00,80386.0,82061.5,80291.0,81684.6,41608.884,-0.00053976,0.00024601,-0.00109813,-0.00042553,1741694399999.0,2880.0,69007.454
2025-03-11 12:00:00,81684.5,82240.0,79026.2,81190.7,139695.873,-0.00039263,0.0015518,-0.00186877,-0.0003871,1741708799999.0,2880.0,70196.081
2025-03-11 16:00:00,81190.7,83600.0,80600.0,83060.1,74604.747,-0.00022462,0.00077883,-0.00125167,-0.00106542,1741723199999.0,2880.0,70936.981
2025-03-11 20:00:00,83060.1,83261.7,82512.4,82896.0,22965.519,-0.00080007,0.0,-0.00107141,-0.00031864,1741737599999.0,2880.0,70837.692
2025-03-12 00:00:00,82896.0,83741.8,82066.5,82098.2,35999.113,-0.00031844,0.00040659,-0.0015331,-0.00052351,1741751999999.0,2880.0,69968.586
2025-03-12 04:00:00,82098.2,82500.0,81250.0,82402.9,37098.324,-0.00021443,6.75e-05,-0.0009988,-0.00048236,1741766399999.0,2880.0,69985.319
2025-03-12 08:00:00,82402.8,83046.9,81980.0,82972.0,37875.934,-0.00043184,0.00019411,-0.00119199,-0.0004591,1741780799999.0,2880.0,70951.091
2025-03-12 12:00:00,82971.9,84487.0,80578.5,81688.1,122716.834,-0.00045676,0.00394432,-0.00422815,-0.00048709,1741795199999.0,2880.0,70473.752
2025-03-12 16:00:00,81688.0,83127.4,81575.6,82877.3,53129.002,-0.00056601,0.00029492,-0.00123073,-0.00056461,1741809599999.0,2879.0,70516.745
2025-03-12 20:00:00,82877.3,83849.0,82662.0,83640.7,19351.917,-0.00072397,0.00016119,-0.00106789,-0.00039562,1741823999999.0,2880.0,69260.866
2025-03-13 00:00:00,83640.7,84307.1,83267.1,83537.1,24001.951,-0.00041997,0.00032657,-0.00107499,-0.00046648,1741838399999.0,2880.0,68962.566
2025-03-13 04:00:00,83537.2,83663.0,82813.2,83118.5,24236.411,-0.00046788,1.931e-05,-0.0009542,-0.0004494,1741852799999.0,2880.0,70348.489
2025-03-13 08:00:00,83118.6,83494.6,82350.0,82939.5,30560.697,-0.00038938,4.381e-05,-0.00113522,-0.00046021,1741867199999.0,2880.0,70281.443
2025-03-13 12:00:00,82939.3,84030.0,80914.4,81016.0,88799.609,-0.00043635,0.00033821,-0.00128669,-0.00026972,1741881599999.0,2880.0,71367.027
2025-03-13 16:00:00,81016.0,81243.8,79903.4,80177.9,58197.608,-0.00031605,0.00012173,-0.00103457,-0.00032197,1741895999999.0,2880.0,69780.379
2025-03-13 20:00:00,80177.5,81450.5,80162.9,81085.4,22163.776,-0.00014392,0.00010086,-0.00093853,-0.00039996,1741910399999.0,2880.0,71597.163
2025-03-14 00:00:00,81085.5,82249.0,80772.0,81861.5,27108.918,-0.0003315,4.518e-05,-0.0009981,-0.00046034,1741924799999.0,2880.0,72030.145
2025-03-14 04:00:00,81861.5,82425.0,81730.9,82124.5,17419.406,-0.00036849,0.0,-0.0008753,-0.00073507,1741939199999.0,2880.0,70787.616
2025-03-14 08:00:00,82124.6,83330.0,82121.2,83202.8,30208.907,-0.0006769,2.826e-05,-0.00093983,-0.00077656,1741953599999.0,2880.0,70673.481
2025-03-14 12:00:00,83202.9,85270.2,82594.3,84692.2,97510.76,-0.00066284,0.00018981,-0.00224535,-0.00045687,1741967999999.0,2880.0,71286.398
2025-03-14 16:00:00,84692.1,84908.8,83908.3,84508.1,40100.559,-0.00039918,7.353e-05,-0.00108985,-0.00059024,1741982399999.0,2880.0,74440.518
2025-03-14 20:00:00,84504.8,84507.8,83654.7,83939.8,21196.158,-0.00056299,-0.00013432,-0.00112545,-0.00049298,1741996799999.0,2880.0,73537.943
2025-03-15 00:00:00,83939.9,84625.0,83915.4,84439.9,13976.156,-0.0004358,-8.962e-05,-0.00108099,-0.0005727,1742011199999.0,2880.0,72975.574
2025-03-15 04:00:00,84440.0,84520.0,83752.9,83797.0,12901.624,-0.00057227,-0.00012664,-0.00090108,-0.00041607,1742025599999.0,2880.0,73001.869
2025-03-15 08:00:00,83797.1,84143.9,83564.5,84054.8,18511.016,-0.00041613,-1.7e-06,-0.00084327,-0.00067463,1742039999999.0,2880.0,72864.383
2025-03-15 12:00:00,84054.7,84442.0,83961.6,84295.8,16141.216,-0.00052103,-0.00010394,-0.00090683,-0.00053234,1742054399999.0,2880.0,72193.492
2025-03-15 16:00:00,84295.7,84453.4,84060.0,84261.2,9720.647,-0.00053261,-0.00022555,-0.00080713,-0.00040699,1742068799999.0,2880.0,71538.182
2025-03-15 20:00:00,84261.2,84433.1,84191.2,84302.9,5424.311,-0.00040693,-0.00016639,-0.00087271,-0.00045405,1742083199999.0,2880.0,70884.535
2025-03-16 00:00:00,84303.0,84357.1,83691.3,84295.9,13994.399,-0.00045399,0.0,-0.00163268,-0.00054071,1742097599999.0,2880.0,70622.154
2025-03-16 04:00:00,84296.0,84382.2,83924.4,84242.0,10835.962,-0.00040931,-0.00020812,-0.00070958,-0.0004593,1742111999999.0,2880.0,70382.831
2025-03-16 08:00:00,84242.1,84300.0,82333.4,82367.9,37793.928,-0.00025767,0.00011153,-0.00190138,-0.000513,1742126399999.0,2880.0,71028.264
2025-03-16 12:00:00,82367.9,83454.0,82354.8,83280.0,36041.854,-0.00046005,0.00072331,-0.00090898,-0.00046814,1742140799999.0,2880.0,70907.629
2025-03-16 16:00:00,83280.0,85136.0,82500.0,83064.3,51260.232,-0.00045974,0.00055637,-0.00144148,-0.00046279,1742155199999.0,2880.0,71285.956
2025-03-16 20:00:00,83064.3,83424.4,81925.6,82541.6,24704.325,-0.00026699,-4.717e-05,-0.00185655,-0.00049274,1742169599999.0,2880.0,69324.299
2025-03-17 00:00:00,82541.6,83696.6,82483.9,83641.0,21622.978,-0.00042918,0.0001325,-0.00080925,-0.00044419,1742183999999.0,2880.0,68524.906
2025-03-17 04:00:00,83641.1,83842.8,82630.8,83525.2,23981.245,-0.00040798,0.00014686,-0.00119218,-0.00047249,1742198399999.0,2880.0,69084.477
2025-03-17 08:00:00,83525.3,83749.9,83171.7,83475.0,18023.286,-0.00039141,-1.93e-06,-0.00084606,-0.00059066,1742212799999.0,2878.0,69525.954
2025-03-17 12:00:00,83475.0,84000.0,82384.0,83499.0,64260.353,-0.00050654,0.00023952,-0.00126298,-0.00042373,1742227199999.0,2880.0,70587.002
2025-03-17 16:00:00,83499.1,84727.1,83054.9,84436.2,39230.746,-0.00037321,0.00029142,-0.00183902,-0.00052063,1742241599999.0,2880.0,69800.651
2025-03-17 20:00:00,84436.2,84464.1,83700.0,83962.9,15543.474,-0.00052376,-0.00010423,-0.00100647,-0.00061112,1742255999999.0,2880.0,71142.427
2025-03-18 00:00:00,83963.0,83979.8,82913.6,83107.6,23013.546,-0.00061097,-7.326e-05,-0.0015532,-0.00046017,1742270399999.0,2880.0,71103.846
2025-03-18 04:00:00,83107.6,83241.1,82207.7,83124.8,33722.964,-0.00045419,0.0001547,-0.00185903,-0.00046528,1742284799999.0,2880.0,69245.807
2025-03-18 08:00:00,83124.7,83422.8,82457.6,82550.0,21256.271,-0.00046191,0.00025666,-0.00143949,-0.00041207,1742299199999.0,2879.0,69381.889
2025-03-18 12:00:00,82550.1,82791.3,81113.5,81567.8,61034.89,-0.00041063,0.00029259,-0.00135165,-0.00052311,1742313599999.0,2880.0,70043.463
2025-03-18 16:00:00,81567.5,82446.8,81203.1,82273.4,33916.237,-0.00044724,0.00048429,-0.0010047,-0.00061253,1742327999999.0,2880.0,70847.274
2025-03-18 20:00:00,82273.5,82772.7,81823.5,82666.1,15953.841,-0.00070631,-3.333e-05,-0.00103326,-0.00058423,1742342399999.0,2880.0,71131.627
2025-03-19 00:00:00,82666.2,83200.0,82501.8,83008.4,20173.238,-0.0006143,0.00015494,-0.00086807,-0.00040891,1742356799999.0,2880.0,70453.053
2025-03-19 04:00:00,83008.4,83329.9,82752.1,83152.5,16262.798,-0.00036605,8.26e-06,-0.00095384,-0.00045939,1742371199999.0,2879.0,69514.578
2025-03-19 08:00:00,83152.5,84088.2,83137.8,83848.4,29259.361,-0.00029363,0.00051706,-0.00087003,-0.00035832,1742385599999.0,2879.0,69640.972
2025-03-19 12:00:00,83848.5,84855.0,83455.6,84693.3,47755.976,-0.00040549,0.00030659,-0.00098055,-0.00049999,1742399999999.0,2880.0,70570.076
2025-03-19 16:00:00,84693.3,85908.0,83500.0,85382.5,102445.196,-0.00043178,0.00330422,-0.00169043,-0.00046252,1742414399999.0,2880.0,72311.028
2025-03-19 20:00:00,85382.6,86990.0,85163.9,86809.8,36065.172,-0.0005827,0.00023779,-0.00092831,-0.00043616,1742428799999.0,2880.0,74090.144
2025-03-20 00:00:00,86809.8,87500.0,85580.6,85849.5,46168.248,-0.00029107,0.00015763,-0.00127033,-0.00044929,1742443199999.0,2880.0,76225.349
2025-03-20 04:00:00,85849.6,85972.3,85383.0,85764.7,17109.791,-0.00045077,-3.533e-05,-0.00104277,-0.00013642,1742457599999.0,2880.0,74794.949
2025-03-20 08:00:00,85764.7,86285.8,84685.5,85462.2,39885.293,-0.00060192,0.00011271,-0.00099832,-0.00036015,1742471999999.0,2878.0,75135.346
2025-03-20 12:00:00,85462.9,86490.0,84520.0,84642.1,65648.016,-0.00044496,0.00018073,-0.00237908,-0.00040308,1742486399999.0,2880.0,74389.624
2025-03-20 16:00:00,84642.0,84846.1,83613.6,84129.3,55952.889,-0.00041159,0.00010042,-0.00120126,-0.00041233,1742500799999.0,2880.0,73268.443
2025-03-20 20:00:00,84129.3,84582.8,83877.4,84183.6,18179.255,-0.00055802,0.00094784,-0.0013282,-0.0004409,1742515199999.0,2880.0,71122.162
2025-03-21 00:00:00,84183.6,84813.6,84140.0,84409.9,15520.668,-0.00043202,1.865e-05,-0.00079579,-0.00044313,1742529599999.0,2880.0,70731.836
2025-03-21 04:00:00,84410.0,84773.6,83650.3,83889.6,20591.929,-0.00047622,0.00010204,-0.0010709,-0.00058176,1742543999999.0,2880.0,71099.176
2025-03-21 08:00:00,83889.5,84319.5,83679.8,84006.0,19775.675,-0.00059552,0.0,-0.00112187,-0.00052517,1742558399999.0,2880.0,69964.453
2025-03-21 12:00:00,84005.9,84344.4,83122.0,83525.9,52089.133,-0.00051539,0.0,-0.00193512,-0.00049423,1742572799999.0,2879.0,69953.282
2025-03-21 16:00:00,83525.9,84405.9,83333.0,83925.0,25233.681,-0.00046158,-8.04e-06,-0.00080497,-0.00033965,1742587199999.0,2880.0,70480.382
2025-03-21 20:00:00,83925.0,84550.0,83778.0,84050.3,11211.185,-0.00039335,2.906e-05,-0.00079111,-0.00044625,1742601599999.0,2880.0,70641.224
2025-03-22 00:00:00,84050.3,84286.0,83940.2,84214.1,7551.459,-0.00044747,-3.097e-05,-0.00091734,-0.00050383,1742615999999.0,2880.0,70736.454
2025-03-22 04:00:00,84214.1,84389.0,84110.6,84235.4,6393.596,-0.00050392,-0.00024251,-0.00082451,-0.0003925,1742630399999.0,2880.0,70552.387
2025-03-22 08:00:00,84235.4,84509.0,84073.7,84190.8,9147.168,-0.00039535,-0.00012661,-0.00083541,-0.00060201,1742644799999.0,2880.0,70324.445
2025-03-22 12:00:00,84190.8,84257.2,83932.0,84073.5,8977.145,-0.00053114,-7.579e-05,-0.00071712,-0.00042493,1742659199999.0,2880.0,70781.425
2025-03-22 16:00:00,84073.4,84292.0,84021.1,84134.6,6453.155,-0.00042471,-0.00011063,-0.00072696,-0.00045707,1742673599999.0,2880.0,70924.888
2025-03-22 20:00:00,84134.5,84171.6,83589.5,83804.9,13696.129,-0.00045715,-0.00023683,-0.0010226,-0.00045283,1742687999999.0,2880.0,71146.209
2025-03-23 00:00:00,83804.9,84241.5,83761.2,84195.1,7066.186,-0.00045805,-3.341e-05,-0.00088287,-0.00034651,1742702399999.0,2880.0,70129.169
2025-03-23 04:00:00,84195.1,84282.4,84025.2,84229.9,5066.142,-0.00036678,-0.00031084,-0.00088407,-0.00057461,1742716799999.0,2880.0,70033.065
2025-03-23 08:00:00,84229.9,85024.8,84216.8,84651.5,20060.748,-0.00057103,0.00055789,-0.00075784,-0.00037273,1742731199999.0,2880.0,70119.987
2025-03-23 12:00:00,84651.4,85231.7,84529.0,85148.0,18572.248,-0.00036252,-4.717e-05,-0.00089735,-0.0004794,1742745599999.0,2880.0,71097.833
2025-03-23 16:00:00,85148.0,85376.4,84756.0,84966.7,19055.791,-0.00047953,0.00016905,-0.00131365,-0.00040623,1742759999999.0,2880.0,72177.454
2025-03-23 20:00:00,84966.7,86110.9,84868.9,86044.2,21078.758,-0.0005312,0.00056976,-0.00101464,-0.00034945,1742774399999.0,2880.0,71848.175
2025-03-24 00:00:00,86044.1,86619.9,85478.3,86502.6,34610.78,-0.00038634,0.00051397,-0.00106766,-0.00033522,1742788799999.0,2880.0,72903.525
2025-03-24 04:00:00,86502.6,87277.5,86502.5,86827.6,31398.367,-0.00042382,0.00032484,-0.00125342,-0.00052992,1742803199999.0,2879.0,74519.195
2025-03-24 08:00:00,86827.5,87898.9,86808.0,87643.5,26543.017,-0.00054852,-0.00018144,-0.00088218,-0.00049504,1742817599999.0,2880.0,76206.574
2025-03-24 12:00:00,87643.6,88752.0,87100.0,88283.6,58494.267,-0.00049499,0.00019492,-0.00116292,-0.00069038,1742831999999.0,2880.0,77259.219
2025-03-24 16:00:00,88283.7,88492.1,87630.0,88162.3,34573.071,-0.00068123,2.229e-05,-0.00109472,-0.00069749,1742846399999.0,2880.0,77729.149
2025-03-24 20:00:00,88162.3,88438.5,87010.0,87463.4,25287.982,-0.0007655,0.00012668,-0.00122675,-0.00029915,1742860799999.0,2880.0,79569.931
2025-03-25 00:00:00,87463.4,87644.0,86278.5,86477.4,28269.465,-0.00038269,0.00010645,-0.00113595,-0.00037229,1742875199999.0,2880.0,77221.553
2025-03-25 04:00:00,86477.3,86847.3,86260.0,86404.4,22193.451,-0.00044903,-4.193e-05,-0.00164875,-0.00031965,1742889599999.0,2880.0,75931.009
2025-03-25 08:00:00,86404.5,87448.0,86358.2,87323.3,22125.787,-0.00042557,-5.983e-05,-0.0009921,-0.0006242,1742903999999.0,2880.0,75118.971
2025-03-25 12:00:00,87323.4,88221.0,86839.2,87723.0,47579.277,-0.00051192,0.00173776,-0.00129605,-0.00075259,1742918399999.0,2880.0,74849.753
2025-03-25 16:00:00,87723.0,88284.0,87532.3,88051.4,23475.471,-0.00063401,-0.00013151,-0.0011166,-0.00070216,1742932799999.0,2880.0,76040.156
2025-03-25 20:00:00,88054.0,88500.0,87079.0,87369.8,29861.838,-0.00067694,0.0,-0.00164652,-0.0003125,1742947199999.0,2880.0,76429.533
2025-03-26 00:00:00,87369.9,87864.4,86980.0,87120.6,16890.189,-0.00036062,-9.79e-05,-0.0009161,-0.00039583,1742961599999.0,2880.0,75025.197
2025-03-26 04:00:00,87120.6,88270.2,87000.3,88106.7,22666.057,-0.00035447,0.00025711,-0.00118436,-0.00049145,1742975999999.0,2880.0,74559.133
2025-03-26 08:00:00,88106.7,88235.0,87781.8,87914.9,15319.543,-0.00047454,-0.0001063,-0.00090888,-0.00053012,1742990399999.0,2878.0,73707.908
2025-03-26 12:00:00,87914.9,87975.0,86387.7,86696.9,63270.743,-0.00052559,9.097e-05,-0.00174049,-0.00047966,1743004799999.0,2879.0,74129.078
2025-03-26 16:00:00,86696.8,87032.6,85816.3,86525.3,40992.066,-0.00056213,5.669e-05,-0.00123435,-0.00026677,1743019199999.0,2880.0,72494.61
2025-03-26 20:00:00,86525.2,87360.0,86473.8,86873.8,28818.097,-0.00060534,-5e-07,-0.00090347,-0.00035191,1743033599999.0,2880.0,70296.871
2025-03-27 00:00:00,86873.9,87722.4,86752.3,87631.1,18655.879,-0.00038282,0.00017226,-0.00084412,-0.00041491,1743047999999.0,2880.0,70461.688
2025-03-27 04:00:00,87631.2,87654.2,87210.0,87363.2,10658.862,-0.00035944,-3.2e-06,-0.00081623,-0.0004254,1743062399999.0,2878.0,70329.983
2025-03-27 08:00:00,87363.1,87562.4,86741.5,86900.7,20115.926,-0.0004255,-0.00019237,-0.00114682,-0.00050107,1743076799999.0,2880.0,70553.243
2025-03-27 12:00:00,86900.7,87528.0,85724.5,86931.2,77093.821,-0.00049779,-3.902e-05,-0.0017707,-0.00036917,1743091199999.0,2880.0,71163.946
2025-03-27 16:00:00,86931.2,87380.6,86738.0,87025.8,23043.518,-0.00045961,-8.099e-05,-0.00090589,-0.00036486,1743105599999.0,2880.0,71704.036
2025-03-27 20:00:00,87025.9,87695.9,86892.0,87191.2,13883.683,-0.00019951,0.00018831,-0.00098714,-0.00046947,1743119999999.0,2880.0,71046.292
2025-03-28 00:00:00,87191.2,87470.0,86694.5,86746.8,19440.395,-0.0004689,-4.823e-05,-0.00084361,-0.00056821,1743134399999.0,2879.0,70732.302
2025-03-28 04:00:00,86746.8,86792.8,85121.1,85175.1,50638.309,-0.00048487,0.00024321,-0.0012794,-0.00043826,1743148799999.0,2880.0,70430.751
2025-03-28 08:00:00,85175.1,85409.5,84767.0,85214.0,36315.505,-0.00047488,0.00037387,-0.00099162,-0.00045816,1743163199999.0,2880.0,71937.385
2025-03-28 12:00:00,85214.0,85575.0,83915.6,84011.1,66581.578,-0.00043077,0.00015921,-0.00100328,-0.00050671,1743177599999.0,2880.0,71302.923
2025-03-28 16:00:00,84011.0,84190.0,83531.7,83760.7,32959.417,-0.00051234,3.307e-05,-0.00109086,-0.0003391,1743191999999.0,2880.0,73230.897
2025-03-28 20:00:00,83760.7,84499.5,83659.6,84380.8,16349.356,-0.00035693,0.00087414,-0.00088386,-0.00044161,1743206399999.0,2880.0,73437.904
2025-03-29 00:00:00,84380.8,84589.7,83668.1,84125.7,18318.477,-0.000443,1.49e-06,-0.0008517,-0.00045723,1743220799999.0,2880.0,73855.534
2025-03-29 04:00:00,84125.8,84222.0,83618.0,83696.0,11481.064,-0.0004467,-9.055e-05,-0.00075044,-0.00046976,1743235199999.0,2880.0,72248.702
2025-03-29 08:00:00,83696.1,83917.5,81963.0,82255.1,43603.689,-0.00046557,6.393e-05,-0.00136227,-0.00039573,1743249599999.0,2880.0,72164.737
2025-03-29 12:00:00,82255.1,82839.9,82104.0,82377.3,22396.817,-0.00038813,0.0,-0.00089467,-0.00045859,1743263999999.0,2880.0,71883.356
2025-03-29 16:00:00,82377.3,82737.6,81601.0,82722.9,29476.229,-0.00040075,0.0,-0.00136943,-6.776e-05,1743278399999.0,2880.0,71108.939
2025-03-29 20:00:00,82722.9,82759.4,82214.0,82604.7,10237.429,-0.00024559,-8.263e-05,-0.00111497,-0.00049887,1743292799999.0,2880.0,70937.974
2025-03-30 00:00:00,82604.8,83456.0,82450.9,83042.8,19850.117,-0.00051917,-0.00011222,-0.00096777,-0.00045119,1743307199999.0,2880.0,71042.954
2025-03-30 04:00:00,83042.8,83283.3,82818.5,83037.4,13129.496,-0.0006004,-0.00014221,-0.00088968,-0.00047304,1743321599999.0,2880.0,71015.415
2025-03-30 08:00:00,83037.5,83490.0,82924.1,83080.0,14250.728,-0.00047313,-0.00016177,-0.00084335,-0.00036914,1743335999999.0,2880.0,70820.519
2025-03-30 12:00:00,83080.0,83229.6,82531.4,82699.9,18904.413,-0.00036536,4.936e-05,-0.0009704,-0.00037231,1743350399999.0,2880.0,70847.018
2025-03-30 16:00:00,82699.9,82878.2,82000.0,82510.6,19922.238,-0.00037708,-7.197e-05,-0.00131129,-0.00048094,1743364799999.0,2880.0,70567.383
2025-03-30 20:00:00,82510.5,82732.5,81501.4,82352.8,23508.933,-0.00048094,0.00011,-0.00112777,-0.00040032,1743379199999.0,2880.0,70007.607
2025-03-31 00:00:00,82353.1,82416.0,81222.0,81491.5,31536.956,-0.00025584,0.00025692,-0.00154486,-0.00040946,1743393599999.0,2880.0,69934.069
2025-03-31 04:00:00,81491.6,82275.5,81358.1,81895.2,19826.27,-0.00042091,2.462e-05,-0.0009294,-0.000343,1743407999999.0,2880.0,69976.027
2025-03-31 08:00:00,81895.1,82236.0,81250.0,82171.5,28834.653,-0.00031335,-8.53e-06,-0.0010932,-0.00026499,1743422399999.0,2879.0,70258.618
2025-03-31 12:00:00,82171.6,83895.8,81600.5,83373.4,80021.15,-0.00040255,0.00041353,-0.00123179,-0.00063117,1743436799999.0,2878.0,71085.808
2025-03-31 16:00:00,83373.3,83655.4,82350.0,82426.7,32906.251,-0.00062004,2.21e-06,-0.00110321,-0.00066724,1743451199999.0,2880.0,70402.381
2025-03-31 20:00:00,82426.7,82898.6,82221.0,82517.5,18939.296,-0.00027551,0.00033479,-0.00135758,-0.0004008,1743465599999.0,2880.0,69464.821
2025-04-01 00:00:00,82517.5,83213.0,82383.3,82929.9,15244.22,-0.00040142,5.499e-05,-0.00102837,-0.00042381,1743479999999.0,2880.0,68841.849
2025-04-01 04:00:00,82930.0,83565.0,82846.1,83415.2,15232.027,-0.00037808,0.00014995,-0.00080111,-0.00040328,1743494399999.0,2880.0,69215.104
2025-04-01 08:00:00,83415.2,84474.8,83401.0,83879.9,35987.638,-0.00042737,0.00013194,-0.0009603,-0.00061045,1743508799999.0,2880.0,69564.576
2025-04-01 12:00:00,83880.0,85475.0,82505.0,85245.4,81146.631,-0.00059746,0.00019907,-0.00104761,-0.00040876,1743523199999.0,2880.0,71026.718
2025-04-01 16:00:00,85245.5,85452.5,84666.3,84911.7,31993.203,-0.00035526,0.0,-0.00094801,-0.00041955,1743537599999.0,2880.0,71193.129
2025-04-01 20:00:00,84911.6,85595.5,84715.7,85120.9,17659.457,-0.00056445,0.00016534,-0.00116886,-0.00043941,1743551999999.0,2880.0,70931.504
2025-04-02 00:00:00,85121.0,85217.9,84479.2,84509.5,19256.193,-0.00043416,0.0,-0.00118083,-0.00051526,1743566399999.0,2880.0,71538.523
2025-04-02 04:00:00,84509.5,84695.0,83846.0,84389.8,24222.399,-0.00060059,-4.257e-05,-0.00091494,-0.00055663,1743580799999.0,2880.0,72192.737
2025-04-02 08:00:00,84389.7,85425.0,84220.0,84528.4,30044.064,-0.00044651,0.00017476,-0.0009506,-0.00042279,1743595199999.0,2880.0,70543.777
2025-04-02 12:00:00,84528.3,87288.0,84424.1,86709.5,101403.902,-0.00044348,0.00030436,-0.00161183,-0.00044134,1743609599999.0,2879.0,70138.477
2025-04-02 16:00:00,86709.5,87255.0,86142.0,86854.2,42796.162,-0.00015831,0.00065849,-0.00114956,-0.00061889,1743623999999.0,2880.0,73997.008
2025-04-02 20:00:00,86854.2,88500.0,82300.0,82485.1,131241.658,-0.00060936,0.00263417,-0.00524849,-0.00043084,1743638399999.0,2880.0,72645.55
2025-04-03 00:00:00,82485.1,83889.2,82137.3,83449.0,43538.786,-0.00043486,0.00066525,-0.00116383,-0.0004163,1743652799999.0,2880.0,69853.242
2025-04-03 04:00:00,83449.2,83707.9,82962.1,83423.7,18012.198,-0.00029127,0.00011001,-0.00091154,-0.00045451,1743667199999.0,2877.0,68455.174
2025-04-03 08:00:00,83423.7,83774.1,83008.4,83058.1,25845.247,-0.0004606,8.66e-05,-0.00104427,-0.00044543,1743681599999.0,2880.0,68676.367
2025-04-03 12:00:00,83058.0,83112.0,81172.2,82001.8,92135.552,-0.00044758,0.00035425,-0.00134016,-0.0004921,1743695999999.0,2880.0,68736.506
2025-04-03 16:00:00,82001.7,82463.7,81504.8,81977.4,35332.973,-0.00046385,0.0001831,-0.00088734,-0.00029185,1743710399999.0,2880.0,71330.359
2025-04-03 20:00:00,81977.4,83298.0,81754.9,83181.5,24298.763,-0.00033508,0.00057775,-0.00103671,-0.00038338,1743724799999.0,2880.0,71046.526
2025-04-04 00:00:00,83181.7,83376.0,82553.8,82787.9,23066.562,-4.579e-05,4.573e-05,-0.00121768,-0.00018708,1743739199999.0,2880.0,71579.881
2025-04-04 04:00:00,82787.9,83987.0,82569.9,83968.2,24342.362,-0.00031922,3.286e-05,-0.00089164,-0.00028181,1743753599999.0,2880.0,70888.005
2025-04-04 08:00:00,83968.1,84686.2,81624.6,82633.7,90960.907,-0.00028186,0.00040601,-0.00122168,-0.00056665,1743767999999.0,2880.0,70909.514
2025-04-04 12:00:00,82633.7,83682.9,81796.6,82822.0,128058.822,-0.00055963,0.00127131,-0.00134124,-0.00034594,1743782399999.0,2880.0,70604.828
2025-04-04 16:00:00,82821.9,84580.0,82700.0,83971.9,67073.197,-0.00039538,0.00040816,-0.00106423,-0.00035717,1743796799999.0,2880.0,71607.743
2025-04-04 20:00:00,83969.3,84422.9,83449.7,83861.3,19607.356,-0.00059137,0.00023071,-0.00098819,-0.00028788,1743811199999.0,2880.0,73234.415
2025-04-05 00:00:00,83861.4,84244.5,83323.7,83585.7,17023.772,-0.00030789,0.00018257,-0.00094003,-0.00062576,1743825599999.0,2880.0,72830.083
2025-04-05 04:00:00,83585.6,83832.1,83300.5,83490.0,10620.814,-0.00053048,0.0,-0.00086299,-0.00027218,1743839999999.0,2880.0,73673.155
2025-04-05 08:00:00,83490.0,83866.3,83326.2,83428.4,11518.556,-0.00035911,-0.00010742,-0.00082482,-0.00031325,1743854399999.0,2879.0,73049.345
2025-04-05 12:00:00,83428.3,83516.8,82333.8,82576.4,33111.923,-0.00031301,-0.0001312,-0.00105409,-0.00055115,1743868799999.0,2879.0,73268.984
2025-04-05 16:00:00,82576.5,83108.8,82561.8,82818.7,12394.7,-0.00057901,-0.0001948,-0.00092095,-0.00044718,1743883199999.0,2880.0,72570.732
2025-04-05 20:00:00,82818.7,83674.9,82781.5,83506.1,14904.439,-0.0004473,0.00020802,-0.00100024,-0.00038854,1743897599999.0,2880.0,71930.78
2025-04-06 00:00:00,83506.1,83790.5,83100.0,83301.7,13707.665,-0.00030309,0.00016894,-0.00081061,-0.00052454,1743911999999.0,2880.0,70789.853
2025-04-06 04:00:00,83301.7,83496.9,82980.0,82990.9,10928.376,-0.0004836,-0.00019753,-0.00093325,-0.00052398,1743926399999.0,2880.0,70306.216
2025-04-06 08:00:00,82990.9,83143.9,82625.0,82810.1,16830.905,-0.00052394,-8.02e-05,-0.00126879,-0.00052457,1743940799999.0,2880.0,71017.516
2025-04-06 12:00:00,82810.1,82944.0,82155.4,82497.4,29601.982,-0.00052472,-8.155e-05,-0.00096556,-0.00078163,1743955199999.0,2880.0,70817.749
2025-04-06 16:00:00,82497.4,82524.9,78635.0,79572.6,108788.065,-0.00067048,0.00022258,-0.00298149,-0.00052387,1743969599999.0,2880.0,72698.623
2025-04-06 20:00:00,79572.6,79858.7,77111.0,78390.0,101334.76,-0.00098046,0.0004582,-0.002262,-0.00044929,1743983999999.0,2880.0,72920.03
2025-04-07 00:00:00,78390.1,79311.5,77311.0,77669.6,69452.679,-0.00035768,0.00027909,-0.00109912,-0.00024408,1743998399999.0,2880.0,73134.17
2025-04-07 04:00:00,77669.5,77950.0,74457.0,75084.1,120677.337,-0.00062995,0.00044627,-0.00131574,-0.00060695,1744012799999.0,2879.0,73629.02
2025-04-07 08:00:00,75084.1,77550.6,75051.7,76655.9,91159.234,-0.00056227,0.00024755,-0.00119836,-0.0003232,1744027199999.0,2880.0,73985.851
2025-04-07 12:00:00,76656.0,81200.0,75761.5,78444.6,284460.151,-0.00034824,0.00622554,-0.00542487,-0.00028034,1744041599999.0,2880.0,73332.259
2025-04-07 16:00:00,78444.6,79347.1,77262.6,78086.3,91535.93,-0.00069453,0.00030062,-0.00205413,-0.00038137,1744055999999.0,2880.0,70885.266
2025-04-07 20:00:00,78093.7,80184.7,78060.0,79140.0,36558.172,-0.00032801,0.00026539,-0.00102337,-0.00031329,1744070399999.0,2880.0,69467.421
2025-04-08 00:00:00,79140.1,80832.1,78726.5,79869.2,44433.57,-0.00030375,0.00030449,-0.00114196,-0.00041032,1744084799999.0,2880.0,70877.567
2025-04-08 04:00:00,79869.3,80383.4,79177.0,79448.6,25868.771,-0.00040012,-1.637e-05,-0.00164486,-0.00049607,1744099199999.0,2880.0,70758.066
2025-04-08 08:00:00,79448.5,80049.8,78788.0,79949.7,33896.193,-0.00060606,0.00038105,-0.00103496,-0.00043121,1744113599999.0,2880.0,70841.004
2025-04-08 12:00:00,79949.7,80359.5,79079.3,79302.9,61958.787,-0.0002983,0.0001522,-0.00123332,-0.0006659,1744127999999.0,1949.0,70777.157
2025-04-08 16:00:00,78459.9,78500.0,78060.6,78078.1,3488.867,-0.00045931,6.676e-05,-0.0010851,-0.00031462,1744142399999.0,202.0,70759.242
2025-04-08 20:00:00,76832.0,77259.9,76200.1,76297.9,31549.209,-0.00028222,0.00015999,-0.00106307,-0.00040698,1744156799999.0,2880.0,71787.7
2025-04-09 00:00:00,76298.0,76834.6,74578.5,75040.0,79097.57,-0.00032714,0.00019944,-0.00183008,-0.00023762,1744171199999.0,2880.0,73341.1
2025-04-09 04:00:00,75039.9,77906.6,74952.0,77651.4,75116.64,-0.00048733,0.00036392,-0.00170967,-0.00067915,1744185599999.0,2880.0,74607.437
2025-04-09 08:00:00,77651.3,77833.8,75735.9,76204.1,72634.361,-0.00053183,0.00160913,-0.0025365,-0.00036601,1744199999999.0,2880.0,74491.806
2025-04-09 12:00:00,76204.1,78288.8,75988.0,77237.6,98020.43,-0.00040257,0.0009855,-0.00145011,-0.0002061,1744214399999.0,2879.0,73334.762
2025-04-09 16:00:00,77237.5,82967.4,77104.0,82291.4,183836.453,-0.00034296,0.00180625,-0.00208931,0.00014153,1744228799999.0,2880.0,73360.971
2025-04-09 20:00:00,82291.4,83554.9,81980.1,82588.0,51944.408,-0.00056515,0.00047432,-0.00130401,-0.00028604,1744243199999.0,2880.0,75633.793
2025-04-10 00:00:00,82587.9,82706.9,81424.3,81731.8,34510.348,-0.0002838,0.00012269,-0.00098866,-0.00049288,1744257599999.0,2880.0,74632.4
2025-04-10 04:00:00,81731.9,82315.4,81241.1,81561.6,28212.148,-0.00045094,0.00028541,-0.00099075,-0.00036901,1744271999999.0,2880.0,73393.148
2025-04-10 08:00:00,81561.5,81816.8,81300.9,81484.1,7810.455,-0.00041319,9.651e-05,-0.0009249,-0.0004909,1744286399999.0,912.0,72791.928
2025-04-10 12:00:00,81839.1,82488.0,80734.1,81074.1,42969.893,-0.00052405,0.00045349,-0.00138984,-0.0002655,1744300799999.0,1375.0,73034.248
2025-04-15 04:00:00,,,,,,,,,,,,77230.05000000
2025-04-15 08:00:00,85691.3,85974.9,85314.4,85549.3,27366.079,-0.00038978,0.00021455,-0.00139795,-0.00036923,1744718399999.0,2880.0,
2025-04-15 12:00:00,85549.3,86443.0,84567.0,84871.9,65580.031,-0.00042287,0.00036510,-0.00185018,-0.00051574,1744732799999.0,2880.0,80430.78400000
2025-04-15 16:00:00,84871.9,85115.1,83888.0,83954.6,26216.961,-0.00054076,0.00004042,-0.00104930,-0.00031438,1744747199999.0,2880.0,78851.66500000
2025-04-15 20:00:00,83954.5,84197.9,83560.0,83608.7,18724.244,-0.00063873,0.00019392,-0.00154823,-0.00045384,1744761599999.0,2880.0,78445.56700000
2025-04-16 00:00:00,83608.6,83915.7,83063.9,83654.0,25553.467,-0.00045241,0.00003502,-0.00093607,-0.00051642,1744775999999.0,2880.0,77459.18400000
2025-04-16 04:00:00,83653.9,83788.5,83165.8,83325.0,20539.39,-0.00059795,0.00004406,-0.00092137,-0.00023849,1744790399999.0,2880.0,77493.08500000
2025-04-16 08:00:00,83325.0,84091.7,83100.0,84008.5,28400.044,-0.00047426,0.00045094,-0.00096953,-0.00036460,1744804799999.0,2879.0,78179.76400000
2025-04-16 12:00:00,84008.4,85232.0,83453.4,84810.7,51343.8,-0.00038563,0.00030314,-0.00126547,-0.00033230,1744819199999.0,2880.0,79280.38200000
2025-04-16 16:00:00,84811.3,85493.5,83198.2,84286.0,69049.234,-0.00026710,0.00062464,-0.00156974,-0.00039162,1744833599999.0,2880.0,79391.14600000
2025-04-16 20:00:00,84286.0,84642.8,83986.7,83990.0,14555.483,-0.00066411,0.00013056,-0.00100814,-0.00050228,1744847999999.0,2880.0,76905.29600000
2025-04-17 00:00:00,83990.1,84468.8,83772.5,83953.3,16179.399,-0.00050236,0.00002819,-0.00094686,-0.00049773,1744862399999.0,2880.0,76363.66700000
2025-04-17 04:00:00,83953.3,85043.4,83856.9,84629.0,20775.92,-0.00050892,0.00003962,-0.00080540,-0.00040614,1744876799999.0,2880.0,76840.34300000
2025-04-17 08:00:00,84629.0,84730.0,84144.1,84531.8,15124.909,-0.00040982,0,-0.00099735,-0.00042457,1744891199999.0,2880.0,78092.00700000
2025-04-17 12:00:00,84531.8,84829.4,83700.0,84495.5,36468.828,-0.00039288,0.00101829,-0.00104473,-0.00043771,1744905599999.0,2880.0,77389.75400000
2025-04-17 16:00:00,84495.6,85441.5,84358.0,84797.5,42706.516,-0.00043777,0.00042008,-0.00125541,-0.00075469,1744919999999.0,2880.0,77574.84500000
2025-04-17 20:00:00,84797.0,85100.0,84681.4,84915.0,9777.623,-0.00083123,0,-0.00098760,-0.00037136,1744934399999.0,2880.0,77634.60600000
2025-04-18 00:00:00,84914.9,85100.0,84682.8,84790.3,8330.771,-0.00039676,0,-0.00095218,-0.00045436,1744948799999.0,2880.0,78013.24200000
2025-04-18 04:00:00,84790.4,84803.1,84349.3,84622.9,12408.591,-0.00045432,-0.00002979,-0.00112381,-0.00042463,1744963199999.0,2880.0,77878.65500000
2025-04-18 08:00:00,84622.9,84734.5,84428.9,84629.4,8899.434,-0.00035746,-0.00005609,-0.00087012,-0.00039437,1744977599999.0,2880.0,76715.06900000
2025-04-18 12:00:00,84629.5,84730.0,84300.5,84332.3,11609.942,-0.00039912,-0.00012340,-0.00098842,-0.00036461,1744991999999.0,2880.0,76433.27300000
2025-04-18 16:00:00,84332.2,84616.1,84260.0,84529.1,8055.92,-0.00051213,-0.00012645,-0.00081836,-0.00031858,1745006399999.0,2880.0,76414.33500000
2025-04-18 20:00:00,84529.0,84659.8,84291.4,84421.0,5914.184,-0.00031866,-0.00010043,-0.00101613,-0.00060296,1745020799999.0,2880.0,76501.78400000
2025-04-19 00:00:00,84421.0,84947.8,84317.2,84845.3,10423.621,-0.00060297,-0.00007985,-0.00080578,-0.00044572,1745035199999.0,2880.0,76433.62200000
2025-04-19 04:00:00,84845.3,85240.0,84840.1,85174.5,13824.92,-0.00044552,-0.00000412,-0.00081665,-0.00048207,1745049599999.0,2880.0,76162.54100000
2025-04-19 08:00:00,85174.5,85400.0,85070.9,85179.3,12830.984,-0.00048200,-0.00003425,-0.00085554,-0.00044346,1745063999999.0,2880.0,77925.51400000
2025-04-19 12:00:00,85179.3,85600.0,85006.2,85146.3,15225.821,-0.00044339,-0.00019795,-0.00109436,-0.00052498,1745078399999.0,2880.0,79299.84000000
2025-04-19 16:00:00,85146.3,85277.8,84613.5,85054.3,16462.047,-0.00052666,-0.00024990,-0.00201661,-0.00038622,1745092799999.0,2880.0,79569.47000000
2025-04-19 20:00:00,85054.2,85332.7,84966.0,85046.9,4613.173,-0.00038620,-0.00017824,-0.00082979,-0.00042062,1745107199999.0,2880.0,79536.90500000
2025-04-20 00:00:00,85046.9,85283.6,85001.0,85116.6,5474.433,-0.00037028,-0.00021213,-0.00083417,-0.00060515,1745121599999.0,2880.0,79184.59800000
2025-04-20 04:00:00,85116.7,85210.0,84650.0,84736.5,15243.765,-0.00060514,-0.00020833,-0.00097247,-0.00056490,1745135999999.0,2880.0,79469.69600000
2025-04-20 08:00:00,84736.6,84751.0,84586.0,84638.3,2578.957,-0.00056499,-0.00036858,-0.00089199,-0.00045746,1745150399999.0,439.0,78653.59900000
